<?xml version="1.0" encoding="UTF-8" standalone="yes"?>
<addon id="repository.seedr" name="Seedr Repository" version="1.0.1" provider-name="Seedr">
    <extension point="xbmc.addon.repository" name="Seedr Repository">
        <dir>
            <info compressed="false">https://raw.githubusercontent.com/jose987654/kodi-addons/master/addons.xml</info>
            <checksum>https://raw.githubusercontent.com/jose987654/kodi-addons/master/addons.xml.md5</checksum>
            <datadir zip="true">https://raw.githubusercontent.com/jose987654/kodi-addons/master/</datadir>
        </dir>
    </extension>
    <extension point="xbmc.addon.metadata">
        <summary>Seedr Repository</summary>
        <description>Repository for Seedr Kodi Addon</description>
        <platform>all</platform>
        <assets>
            <icon>icon.png</icon>
            <fanart>fanart.jpg</fanart>
        </assets>
    </extension>
</addon> 