<?xml version="1.0" encoding="UTF-8" standalone="yes"?>
<addon id="plugin.video.seedr" name="Seedr" version="1.0.3" provider-name="Seedr">
    <requires>
        <import addon="xbmc.python" version="3.0.0"/>
        <import addon="script.module.requests" version="2.22.0"/>
        <import addon="inputstream.adaptive" version="2.0.0"/>
    </requires>
    <extension point="xbmc.python.pluginsource" library="main.py">
        <provides>video audio image</provides>
    </extension>
    <extension point="xbmc.addon.metadata">
        <summary lang="en_GB">Seedr - Stream your cloud media</summary>
        <description lang="en_GB">Stream videos, music, and images from your Seedr cloud storage directly to Kodi</description>
        <platform>all</platform>
        <license>GPL-3.0</license>
        <website>https://www.seedr.cc/</website>
        <assets>
            <icon>icon.png</icon>
            <fanart>fanart.jpg</fanart>
        </assets>
    </extension>
</addon> 