<?xml version="1.0" encoding="UTF-8" standalone="yes"?>
	<addon id="plugin.video.seedr" name="Seedr" version="1.3.0" provider-name="Seedr">
    <requires>
        <import addon="xbmc.python" version="3.0.0"/>
        <import addon="script.module.requests" version="2.22.0"/>
        <import addon="inputstream.adaptive" version="2.0.0"/>
    </requires>
    <extension point="xbmc.python.pluginsource" library="main.py">
        <provides>video audio </provides>
    </extension>
    <extension point="xbmc.addon.metadata">
        <summary lang="en_GB">Seedr - Stream your cloud media</summary>
        <description lang="en_GB">Stream videos, music, and images from your Seedr cloud storage directly to Kodi.&#10;Features:&#10;- Stream media files directly without downloading&#10;- Full-screen QR code authentication with copy functionality&#10;- Professional authentication dialog with real-time status updates&#10;- Automatic background polling for seamless user experience&#10;- Automatic playlist support for audio files&#10;- Easy navigation through your Seedr folders&#10;- Access your cloud content from anywhere&#10;Requires a Seedr.cc account. Visit www.seedr.cc to sign up.</description>
        <platform>all</platform>
        <license>GPL-3.0</license>
        <website>https://www.seedr.cc/</website>
        <assets>
            <icon>icon.png</icon>
            <fanart>fanart.jpg</fanart>
        </assets>
    </extension>
</addon> 